transaction_id,date,customer_id,product_category,quantity,price_per_unit,sales,avg_item_value,is_high_value_transaction,is_bulk_purchase
1,2023-11-24,CUST001,Beauty,3,50,150,50.0,0,0
2,2023-02-27,CUST002,Clothing,2,500,1000,500.0,0,0
3,2023-01-13,CUST003,Electronics,1,30,30,30.0,0,0
4,2023-05-21,CUST004,Clothing,1,500,500,500.0,0,0
5,2023-05-06,CUST005,Beauty,2,50,100,50.0,0,0
6,2023-04-25,CUST006,Beauty,1,30,30,30.0,0,0
7,2023-03-13,CUST007,Clothing,2,25,50,25.0,0,0
8,2023-02-22,CUST008,Electronics,4,25,100,25.0,0,0
9,2023-12-13,CUST009,Electronics,2,300,600,300.0,0,0
10,2023-10-07,CUST010,Clothing,4,50,200,50.0,0,0
11,2023-02-14,CUST011,Clothing,2,50,100,50.0,0,0
12,2023-10-30,CUST012,Beauty,3,25,75,25.0,0,0
13,2023-08-05,CUST013,Electronics,3,500,1500,500.0,1,0
14,2023-01-17,CUST014,Clothing,4,30,120,30.0,0,0
15,2023-01-16,CUST015,Electronics,4,500,2000,500.0,1,0
16,2023-02-17,CUST016,Clothing,3,500,1500,500.0,1,0
17,2023-04-22,CUST017,Clothing,4,25,100,25.0,0,0
18,2023-04-30,CUST018,Electronics,2,25,50,25.0,0,0
19,2023-09-16,CUST019,Clothing,2,25,50,25.0,0,0
20,2023-11-05,CUST020,Clothing,3,300,900,300.0,0,0
21,2023-01-14,CUST021,Beauty,1,500,500,500.0,0,0
22,2023-10-15,CUST022,Clothing,2,50,100,50.0,0,0
23,2023-04-12,CUST023,Clothing,4,30,120,30.0,0,0
24,2023-11-29,CUST024,Clothing,1,300,300,300.0,0,0
25,2023-12-26,CUST025,Beauty,1,50,50,50.0,0,0
26,2023-10-07,CUST026,Electronics,2,500,1000,500.0,0,0
27,2023-08-03,CUST027,Beauty,2,25,50,25.0,0,0
28,2023-04-23,CUST028,Beauty,1,500,500,500.0,0,0
29,2023-08-18,CUST029,Electronics,1,30,30,30.0,0,0
30,2023-10-29,CUST030,Beauty,3,300,900,300.0,0,0
31,2023-05-23,CUST031,Electronics,4,300,1200,300.0,1,0
32,2023-01-04,CUST032,Beauty,3,30,90,30.0,0,0
33,2023-03-23,CUST033,Electronics,2,50,100,50.0,0,0
34,2023-12-24,CUST034,Clothing,3,50,150,50.0,0,0
35,2023-08-05,CUST035,Beauty,3,300,900,300.0,0,0
36,2023-06-24,CUST036,Beauty,3,300,900,300.0,0,0
37,2023-05-23,CUST037,Beauty,3,25,75,25.0,0,0
38,2023-03-21,CUST038,Beauty,4,50,200,50.0,0,0
39,2023-04-21,CUST039,Clothing,4,30,120,30.0,0,0
40,2023-06-22,CUST040,Beauty,1,50,50,50.0,0,0
41,2023-02-22,CUST041,Clothing,2,25,50,25.0,0,0
42,2023-02-17,CUST042,Clothing,3,300,900,300.0,0,0
43,2023-07-14,CUST043,Clothing,1,300,300,300.0,0,0
44,2023-02-19,CUST044,Clothing,1,25,25,25.0,0,0
45,2023-07-03,CUST045,Electronics,1,30,30,30.0,0,0
46,2023-06-26,CUST046,Electronics,4,300,1200,300.0,1,0
47,2023-11-06,CUST047,Beauty,3,500,1500,500.0,1,0
48,2023-05-16,CUST048,Electronics,3,300,900,300.0,0,0
49,2023-01-23,CUST049,Electronics,2,500,1000,500.0,0,0
50,2023-08-24,CUST050,Beauty,3,25,75,25.0,0,0
51,2023-10-02,CUST051,Beauty,3,25,75,25.0,0,0
52,2023-03-05,CUST052,Beauty,1,300,300,300.0,0,0
53,2023-07-13,CUST053,Electronics,2,50,100,50.0,0,0
54,2023-02-10,CUST054,Electronics,3,500,1500,500.0,1,0
55,2023-10-10,CUST055,Beauty,4,30,120,30.0,0,0
56,2023-05-31,CUST056,Clothing,3,300,900,300.0,0,0
57,2023-11-18,CUST057,Beauty,1,30,30,30.0,0,0
58,2023-11-13,CUST058,Clothing,4,300,1200,300.0,1,0
59,2023-07-05,CUST059,Clothing,1,50,50,50.0,0,0
60,2023-10-23,CUST060,Beauty,3,50,150,50.0,0,0
61,2023-04-09,CUST061,Beauty,4,50,200,50.0,0,0
62,2023-12-27,CUST062,Beauty,2,50,100,50.0,0,0
63,2023-02-05,CUST063,Electronics,2,25,50,25.0,0,0
64,2023-01-24,CUST064,Clothing,4,25,100,25.0,0,0
65,2023-12-05,CUST065,Electronics,4,500,2000,500.0,1,0
66,2023-04-27,CUST066,Electronics,1,30,30,30.0,0,0
67,2023-05-29,CUST067,Beauty,4,300,1200,300.0,1,0
68,2023-02-10,CUST068,Electronics,1,300,300,300.0,0,0
69,2023-04-30,CUST069,Beauty,3,25,75,25.0,0,0
70,2023-02-21,CUST070,Clothing,1,300,300,300.0,0,0
71,2023-07-14,CUST071,Beauty,4,25,100,25.0,0,0
72,2023-05-23,CUST072,Electronics,4,500,2000,500.0,1,0
73,2023-08-21,CUST073,Electronics,3,30,90,30.0,0,0
74,2023-11-22,CUST074,Beauty,4,500,2000,500.0,1,0
75,2023-07-06,CUST075,Beauty,4,50,200,50.0,0,0
76,2023-03-25,CUST076,Electronics,2,50,100,50.0,0,0
77,2023-07-09,CUST077,Clothing,2,50,100,50.0,0,0
78,2023-07-01,CUST078,Clothing,3,500,1500,500.0,1,0
79,2023-04-18,CUST079,Beauty,1,300,300,300.0,0,0
80,2023-12-10,CUST080,Clothing,2,30,60,30.0,0,0
81,2023-05-17,CUST081,Electronics,1,50,50,50.0,0,0
82,2023-12-26,CUST082,Beauty,4,50,200,50.0,0,0
83,2023-12-16,CUST083,Electronics,2,50,100,50.0,0,0
84,2023-11-28,CUST084,Electronics,3,30,90,30.0,0,0
85,2023-02-06,CUST085,Clothing,3,50,150,50.0,0,0
86,2023-11-08,CUST086,Beauty,3,30,90,30.0,0,0
87,2023-11-22,CUST087,Beauty,2,50,100,50.0,0,0
88,2023-03-29,CUST088,Clothing,1,500,500,500.0,0,0
89,2023-10-01,CUST089,Electronics,4,500,2000,500.0,1,0
90,2023-05-06,CUST090,Electronics,1,30,30,30.0,0,0
91,2023-03-25,CUST091,Electronics,1,500,500,500.0,0,0
92,2023-08-25,CUST092,Electronics,4,30,120,30.0,0,0
93,2023-07-14,CUST093,Beauty,4,500,2000,500.0,1,0
94,2023-05-19,CUST094,Beauty,2,500,1000,500.0,0,0
95,2023-11-24,CUST095,Clothing,2,30,60,30.0,0,0
96,2023-12-19,CUST096,Clothing,2,300,600,300.0,0,0
97,2023-10-13,CUST097,Beauty,2,500,1000,500.0,0,0
98,2023-04-23,CUST098,Beauty,2,50,100,50.0,0,0
99,2023-12-17,CUST099,Electronics,4,300,1200,300.0,1,0
100,2023-06-16,CUST100,Electronics,1,30,30,30.0,0,0
101,2023-01-29,CUST101,Clothing,2,300,600,300.0,0,0
102,2023-04-28,CUST102,Beauty,2,25,50,25.0,0,0
103,2023-01-17,CUST103,Clothing,1,25,25,25.0,0,0
104,2023-06-11,CUST104,Beauty,2,500,1000,500.0,0,0
105,2023-07-25,CUST105,Electronics,1,500,500,500.0,0,0
106,2023-05-18,CUST106,Clothing,1,50,50,50.0,0,0
107,2023-02-03,CUST107,Clothing,4,300,1200,300.0,1,0
108,2023-04-19,CUST108,Beauty,3,25,75,25.0,0,0
109,2023-10-18,CUST109,Electronics,4,500,2000,500.0,1,0
110,2023-06-11,CUST110,Clothing,3,300,900,300.0,0,0
111,2023-04-19,CUST111,Electronics,3,500,1500,500.0,1,0
112,2023-12-02,CUST112,Clothing,3,500,1500,500.0,1,0
113,2023-09-13,CUST113,Electronics,2,25,50,25.0,0,0
114,2023-07-22,CUST114,Beauty,4,25,100,25.0,0,0
115,2023-11-26,CUST115,Clothing,3,500,1500,500.0,1,0
116,2023-08-23,CUST116,Clothing,1,30,30,30.0,0,0
117,2023-03-15,CUST117,Electronics,2,500,1000,500.0,0,0
118,2023-05-16,CUST118,Electronics,4,500,2000,500.0,1,0
119,2023-03-13,CUST119,Clothing,3,50,150,50.0,0,0
120,2023-05-07,CUST120,Beauty,1,50,50,50.0,0,0
121,2023-10-15,CUST121,Electronics,4,50,200,50.0,0,0
122,2023-10-03,CUST122,Electronics,4,30,120,30.0,0,0
123,2023-05-15,CUST123,Electronics,2,30,60,30.0,0,0
124,2023-10-27,CUST124,Clothing,4,500,2000,500.0,1,0
125,2023-08-08,CUST125,Clothing,2,50,100,50.0,0,0
126,2023-10-26,CUST126,Clothing,3,30,90,30.0,0,0
127,2023-07-24,CUST127,Clothing,2,25,50,25.0,0,0
128,2023-07-05,CUST128,Beauty,1,500,500,500.0,0,0
129,2023-04-23,CUST129,Beauty,2,300,600,300.0,0,0
130,2023-03-12,CUST130,Clothing,1,500,500,500.0,0,0
131,2023-09-18,CUST131,Beauty,2,300,600,300.0,0,0
132,2023-09-10,CUST132,Electronics,4,50,200,50.0,0,0
133,2023-02-16,CUST133,Electronics,3,300,900,300.0,0,0
134,2023-01-25,CUST134,Electronics,1,50,50,50.0,0,0
135,2023-02-26,CUST135,Clothing,2,25,50,25.0,0,0
136,2023-03-20,CUST136,Electronics,2,300,600,300.0,0,0
137,2023-11-18,CUST137,Beauty,2,500,1000,500.0,0,0
138,2023-03-23,CUST138,Clothing,4,50,200,50.0,0,0
139,2023-12-15,CUST139,Beauty,4,500,2000,500.0,1,0
140,2023-08-05,CUST140,Electronics,1,30,30,30.0,0,0
141,2023-11-02,CUST141,Electronics,1,50,50,50.0,0,0
142,2023-02-02,CUST142,Electronics,4,300,1200,300.0,1,0
143,2023-07-17,CUST143,Clothing,1,50,50,50.0,0,0
144,2023-07-15,CUST144,Beauty,3,500,1500,500.0,1,0
145,2023-11-02,CUST145,Clothing,3,25,75,25.0,0,0
146,2023-08-28,CUST146,Clothing,4,50,200,50.0,0,0
147,2023-09-28,CUST147,Electronics,1,300,300,300.0,0,0
148,2023-05-09,CUST148,Clothing,2,30,60,30.0,0,0
149,2023-10-11,CUST149,Clothing,3,25,75,25.0,0,0
150,2023-01-06,CUST150,Electronics,4,30,120,30.0,0,0
151,2023-12-15,CUST151,Clothing,1,50,50,50.0,0,0
152,2023-02-28,CUST152,Electronics,4,500,2000,500.0,1,0
153,2023-12-16,CUST153,Electronics,2,500,1000,500.0,0,0
154,2023-10-02,CUST154,Electronics,3,300,900,300.0,0,0
155,2023-05-17,CUST155,Electronics,4,500,2000,500.0,1,0
156,2023-11-25,CUST156,Clothing,4,25,100,25.0,0,0
157,2023-06-24,CUST157,Electronics,4,500,2000,500.0,1,0
158,2023-02-27,CUST158,Electronics,2,300,600,300.0,0,0
159,2023-05-31,CUST159,Clothing,4,50,200,50.0,0,0
160,2023-08-11,CUST160,Clothing,2,50,100,50.0,0,0
161,2023-03-22,CUST161,Beauty,2,500,1000,500.0,0,0
162,2023-08-21,CUST162,Clothing,2,30,60,30.0,0,0
163,2023-01-02,CUST163,Clothing,3,50,150,50.0,0,0
164,2023-05-15,CUST164,Beauty,3,500,1500,500.0,1,0
165,2023-09-14,CUST165,Clothing,4,300,1200,300.0,1,0
166,2023-04-02,CUST166,Clothing,4,500,2000,500.0,1,0
167,2023-09-17,CUST167,Clothing,3,50,150,50.0,0,0
168,2023-02-24,CUST168,Clothing,1,300,300,300.0,0,0
169,2023-11-17,CUST169,Beauty,3,500,1500,500.0,1,0
170,2023-06-02,CUST170,Clothing,2,25,50,25.0,0,0
171,2023-11-24,CUST171,Clothing,3,300,900,300.0,0,0
172,2023-09-17,CUST172,Beauty,2,25,50,25.0,0,0
173,2023-11-08,CUST173,Electronics,4,30,120,30.0,0,0
174,2023-04-12,CUST174,Beauty,1,300,300,300.0,0,0
175,2023-03-20,CUST175,Electronics,4,25,100,25.0,0,0
176,2023-07-11,CUST176,Beauty,2,50,100,50.0,0,0
177,2023-03-24,CUST177,Beauty,2,50,100,50.0,0,0
178,2023-10-04,CUST178,Clothing,2,30,60,30.0,0,0
179,2023-09-29,CUST179,Electronics,1,300,300,300.0,0,0
180,2023-01-01,CUST180,Clothing,3,300,900,300.0,0,0
181,2023-11-03,CUST181,Electronics,4,300,1200,300.0,1,0
182,2023-06-15,CUST182,Beauty,4,30,120,30.0,0,0
183,2023-09-08,CUST183,Beauty,3,300,900,300.0,0,0
184,2023-01-10,CUST184,Electronics,4,50,200,50.0,0,0
185,2023-02-27,CUST185,Clothing,1,25,25,25.0,0,0
186,2023-07-05,CUST186,Clothing,4,50,200,50.0,0,0
187,2023-06-07,CUST187,Clothing,2,50,100,50.0,0,0
188,2023-05-03,CUST188,Clothing,3,25,75,25.0,0,0
189,2023-01-30,CUST189,Beauty,1,50,50,50.0,0,0
190,2023-05-04,CUST190,Beauty,3,30,90,30.0,0,0
191,2023-10-18,CUST191,Beauty,1,25,25,25.0,0,0
192,2023-02-10,CUST192,Beauty,2,50,100,50.0,0,0
193,2023-02-13,CUST193,Beauty,3,500,1500,500.0,1,0
194,2023-09-06,CUST194,Clothing,4,50,200,50.0,0,0
195,2023-02-05,CUST195,Clothing,1,30,30,30.0,0,0
196,2023-09-30,CUST196,Clothing,3,300,900,300.0,0,0
197,2023-03-06,CUST197,Clothing,4,50,200,50.0,0,0
198,2023-03-07,CUST198,Beauty,3,300,900,300.0,0,0
199,2023-12-04,CUST199,Beauty,3,500,1500,500.0,1,0
200,2023-09-01,CUST200,Beauty,3,50,150,50.0,0,0
201,2023-10-09,CUST201,Electronics,1,25,25,25.0,0,0
202,2023-03-26,CUST202,Clothing,4,300,1200,300.0,1,0
203,2023-05-16,CUST203,Clothing,2,500,1000,500.0,0,0
204,2023-09-28,CUST204,Beauty,1,25,25,25.0,0,0
205,2023-11-07,CUST205,Clothing,1,25,25,25.0,0,0
206,2023-08-05,CUST206,Clothing,1,25,25,25.0,0,0
207,2023-04-19,CUST207,Beauty,2,25,50,25.0,0,0
208,2023-10-04,CUST208,Electronics,4,50,200,50.0,0,0
209,2023-12-20,CUST209,Electronics,4,50,200,50.0,0,0
210,2023-04-13,CUST210,Electronics,4,50,200,50.0,0,0
211,2024-01-01,CUST211,Beauty,3,500,1500,500.0,1,0
212,2023-06-09,CUST212,Clothing,3,500,1500,500.0,1,0
213,2023-07-24,CUST213,Beauty,3,500,1500,500.0,1,0
214,2023-12-10,CUST214,Beauty,2,30,60,30.0,0,0
215,2023-11-29,CUST215,Clothing,3,500,1500,500.0,1,0
216,2023-07-11,CUST216,Electronics,2,50,100,50.0,0,0
217,2023-08-13,CUST217,Electronics,4,50,200,50.0,0,0
218,2023-09-22,CUST218,Beauty,3,30,90,30.0,0,0
219,2023-08-20,CUST219,Electronics,3,30,90,30.0,0,0
220,2023-03-03,CUST220,Beauty,1,500,500,500.0,0,0
221,2023-05-07,CUST221,Beauty,2,300,600,300.0,0,0
222,2023-04-26,CUST222,Clothing,4,30,120,30.0,0,0
223,2023-02-02,CUST223,Clothing,1,25,25,25.0,0,0
224,2023-06-23,CUST224,Clothing,1,50,50,50.0,0,0
225,2023-01-11,CUST225,Beauty,4,25,100,25.0,0,0
226,2023-10-29,CUST226,Clothing,1,50,50,50.0,0,0
227,2023-10-11,CUST227,Electronics,2,50,100,50.0,0,0
228,2023-04-28,CUST228,Electronics,2,30,60,30.0,0,0
229,2023-10-29,CUST229,Beauty,3,30,90,30.0,0,0
230,2023-04-23,CUST230,Beauty,1,25,25,25.0,0,0
231,2023-01-04,CUST231,Clothing,3,50,150,50.0,0,0
232,2023-02-06,CUST232,Beauty,1,25,25,25.0,0,0
233,2023-12-29,CUST233,Beauty,2,300,600,300.0,0,0
234,2023-11-20,CUST234,Electronics,2,25,50,25.0,0,0
235,2023-01-31,CUST235,Electronics,2,500,1000,500.0,0,0
236,2023-04-28,CUST236,Clothing,1,25,25,25.0,0,0
237,2023-02-04,CUST237,Beauty,2,500,1000,500.0,0,0
238,2023-01-17,CUST238,Beauty,1,500,500,500.0,0,0
239,2023-06-19,CUST239,Electronics,3,500,1500,500.0,1,0
240,2023-02-06,CUST240,Beauty,1,300,300,300.0,0,0
241,2023-09-21,CUST241,Electronics,3,25,75,25.0,0,0
242,2023-05-02,CUST242,Clothing,1,25,25,25.0,0,0
243,2023-05-23,CUST243,Electronics,3,300,900,300.0,0,0
244,2023-12-09,CUST244,Beauty,2,50,100,50.0,0,0
245,2023-09-06,CUST245,Clothing,3,30,90,30.0,0,0
246,2023-04-20,CUST246,Electronics,2,25,50,25.0,0,0
247,2023-10-04,CUST247,Electronics,2,30,60,30.0,0,0
248,2023-03-09,CUST248,Clothing,3,300,900,300.0,0,0
249,2023-10-20,CUST249,Clothing,1,50,50,50.0,0,0
250,2023-10-23,CUST250,Electronics,1,50,50,50.0,0,0
251,2023-08-31,CUST251,Beauty,4,50,200,50.0,0,0
252,2023-05-05,CUST252,Electronics,1,300,300,300.0,0,0
253,2023-08-31,CUST253,Clothing,4,500,2000,500.0,1,0
254,2023-07-28,CUST254,Electronics,1,500,500,500.0,0,0
255,2023-04-08,CUST255,Clothing,1,30,30,30.0,0,0
256,2023-02-18,CUST256,Clothing,2,500,1000,500.0,0,0
257,2023-02-19,CUST257,Beauty,4,500,2000,500.0,1,0
258,2023-12-04,CUST258,Clothing,1,50,50,50.0,0,0
259,2023-08-09,CUST259,Clothing,4,50,200,50.0,0,0
260,2023-07-01,CUST260,Beauty,2,30,60,30.0,0,0
261,2023-08-05,CUST261,Clothing,2,25,50,25.0,0,0
262,2023-07-30,CUST262,Beauty,4,30,120,30.0,0,0
263,2023-08-28,CUST263,Beauty,2,30,60,30.0,0,0
264,2023-01-28,CUST264,Clothing,3,300,900,300.0,0,0
265,2023-12-11,CUST265,Clothing,3,300,900,300.0,0,0
266,2023-12-01,CUST266,Electronics,2,30,60,30.0,0,0
267,2023-11-27,CUST267,Beauty,3,30,90,30.0,0,0
268,2023-02-20,CUST268,Electronics,1,30,30,30.0,0,0
269,2023-02-01,CUST269,Clothing,4,500,2000,500.0,1,0
270,2023-07-26,CUST270,Electronics,1,300,300,300.0,0,0
271,2023-06-23,CUST271,Beauty,4,30,120,30.0,0,0
272,2023-02-25,CUST272,Electronics,2,50,100,50.0,0,0
273,2023-05-08,CUST273,Beauty,1,50,50,50.0,0,0
274,2023-04-09,CUST274,Clothing,2,500,1000,500.0,0,0
275,2023-04-08,CUST275,Clothing,2,500,1000,500.0,0,0
276,2023-10-02,CUST276,Beauty,4,25,100,25.0,0,0
277,2023-08-18,CUST277,Clothing,4,25,100,25.0,0,0
278,2023-03-13,CUST278,Clothing,4,25,100,25.0,0,0
279,2023-08-05,CUST279,Clothing,1,500,500,500.0,0,0
280,2023-04-04,CUST280,Clothing,3,500,1500,500.0,1,0
281,2023-05-23,CUST281,Beauty,4,500,2000,500.0,1,0
282,2023-08-25,CUST282,Electronics,4,50,200,50.0,0,0
283,2023-05-08,CUST283,Electronics,1,500,500,500.0,0,0
284,2023-02-08,CUST284,Clothing,4,50,200,50.0,0,0
285,2023-08-15,CUST285,Electronics,1,25,25,25.0,0,0
286,2023-10-09,CUST286,Electronics,2,25,50,25.0,0,0
287,2023-02-20,CUST287,Clothing,4,25,100,25.0,0,0
288,2023-01-26,CUST288,Clothing,4,30,120,30.0,0,0
289,2023-11-30,CUST289,Electronics,2,30,60,30.0,0,0
290,2023-10-04,CUST290,Beauty,2,300,600,300.0,0,0
291,2023-01-08,CUST291,Clothing,2,300,600,300.0,0,0
292,2023-02-17,CUST292,Beauty,4,300,1200,300.0,1,0
293,2023-05-02,CUST293,Electronics,3,30,90,30.0,0,0
294,2023-03-27,CUST294,Clothing,3,30,90,30.0,0,0
295,2023-07-28,CUST295,Beauty,3,300,900,300.0,0,0
296,2023-09-06,CUST296,Clothing,4,300,1200,300.0,1,0
297,2023-09-04,CUST297,Electronics,2,500,1000,500.0,0,0
298,2023-04-20,CUST298,Beauty,4,300,1200,300.0,1,0
299,2023-07-25,CUST299,Electronics,2,500,1000,500.0,0,0
300,2023-01-31,CUST300,Electronics,4,50,200,50.0,0,0
301,2023-03-26,CUST301,Clothing,4,30,120,30.0,0,0
302,2023-07-14,CUST302,Beauty,2,300,600,300.0,0,0
303,2023-01-02,CUST303,Electronics,3,30,90,30.0,0,0
304,2023-07-19,CUST304,Electronics,2,30,60,30.0,0,0
305,2023-05-16,CUST305,Beauty,1,30,30,30.0,0,0
306,2023-08-21,CUST306,Electronics,1,50,50,50.0,0,0
307,2023-05-27,CUST307,Electronics,2,25,50,25.0,0,0
308,2023-08-05,CUST308,Beauty,4,300,1200,300.0,1,0
309,2023-12-23,CUST309,Beauty,1,25,25,25.0,0,0
310,2023-10-12,CUST310,Beauty,1,25,25,25.0,0,0
311,2023-12-05,CUST311,Beauty,4,25,100,25.0,0,0
312,2023-09-07,CUST312,Clothing,4,30,120,30.0,0,0
313,2023-03-21,CUST313,Beauty,3,500,1500,500.0,1,0
314,2023-04-08,CUST314,Clothing,4,30,120,30.0,0,0
315,2023-06-01,CUST315,Clothing,2,30,60,30.0,0,0
316,2023-04-22,CUST316,Clothing,2,25,50,25.0,0,0
317,2023-01-30,CUST317,Electronics,3,30,90,30.0,0,0
318,2023-10-24,CUST318,Clothing,1,25,25,25.0,0,0
319,2023-10-05,CUST319,Clothing,1,500,500,500.0,0,0
320,2023-02-01,CUST320,Electronics,4,300,1200,300.0,1,0
321,2023-06-10,CUST321,Electronics,2,25,50,25.0,0,0
322,2023-01-30,CUST322,Electronics,1,500,500,500.0,0,0
323,2023-01-26,CUST323,Beauty,3,300,900,300.0,0,0
324,2023-10-27,CUST324,Electronics,3,50,150,50.0,0,0
325,2023-09-02,CUST325,Electronics,2,25,50,25.0,0,0
326,2023-09-15,CUST326,Clothing,3,25,75,25.0,0,0
327,2023-09-29,CUST327,Electronics,3,50,150,50.0,0,0
328,2023-03-22,CUST328,Beauty,2,50,100,50.0,0,0
329,2023-01-30,CUST329,Electronics,4,25,100,25.0,0,0
330,2023-09-18,CUST330,Beauty,4,50,200,50.0,0,0
331,2023-02-11,CUST331,Electronics,3,30,90,30.0,0,0
332,2023-04-06,CUST332,Electronics,4,300,1200,300.0,1,0
333,2023-02-05,CUST333,Electronics,4,300,1200,300.0,1,0
334,2023-11-01,CUST334,Electronics,3,300,900,300.0,0,0
335,2023-02-04,CUST335,Beauty,4,30,120,30.0,0,0
336,2023-12-12,CUST336,Beauty,3,50,150,50.0,0,0
337,2023-05-01,CUST337,Clothing,1,500,500,500.0,0,0
338,2023-07-26,CUST338,Beauty,2,50,100,50.0,0,0
339,2023-03-03,CUST339,Electronics,2,25,50,25.0,0,0
340,2023-10-19,CUST340,Clothing,4,300,1200,300.0,1,0
341,2023-05-07,CUST341,Clothing,4,50,200,50.0,0,0
342,2023-10-24,CUST342,Clothing,4,500,2000,500.0,1,0
343,2023-11-01,CUST343,Electronics,2,25,50,25.0,0,0
344,2023-01-21,CUST344,Beauty,1,30,30,30.0,0,0
345,2023-11-14,CUST345,Electronics,1,30,30,30.0,0,0
346,2023-02-11,CUST346,Clothing,2,500,1000,500.0,0,0
347,2023-08-03,CUST347,Electronics,1,25,25,25.0,0,0
348,2023-12-03,CUST348,Electronics,2,300,600,300.0,0,0
349,2023-10-26,CUST349,Beauty,1,50,50,50.0,0,0
350,2023-10-17,CUST350,Beauty,3,25,75,25.0,0,0
351,2023-09-25,CUST351,Clothing,3,30,90,30.0,0,0
352,2023-06-11,CUST352,Electronics,2,500,1000,500.0,0,0
353,2023-05-14,CUST353,Electronics,1,500,500,500.0,0,0
354,2023-04-15,CUST354,Beauty,4,50,200,50.0,0,0
355,2023-12-09,CUST355,Electronics,1,500,500,500.0,0,0
356,2023-06-10,CUST356,Electronics,3,500,1500,500.0,1,0
357,2023-05-03,CUST357,Electronics,3,25,75,25.0,0,0
358,2023-05-16,CUST358,Beauty,1,300,300,300.0,0,0
359,2023-07-22,CUST359,Clothing,1,50,50,50.0,0,0
360,2023-03-09,CUST360,Clothing,4,25,100,25.0,0,0
361,2023-12-10,CUST361,Electronics,4,300,1200,300.0,1,0
362,2023-11-27,CUST362,Clothing,1,25,25,25.0,0,0
363,2023-06-03,CUST363,Beauty,1,25,25,25.0,0,0
364,2023-08-23,CUST364,Beauty,1,500,500,500.0,0,0
365,2023-06-11,CUST365,Clothing,1,300,300,300.0,0,0
366,2023-02-07,CUST366,Clothing,2,50,100,50.0,0,0
367,2023-01-05,CUST367,Electronics,1,50,50,50.0,0,0
368,2023-08-23,CUST368,Clothing,4,300,1200,300.0,1,0
369,2023-11-15,CUST369,Electronics,3,500,1500,500.0,1,0
370,2023-10-16,CUST370,Electronics,2,30,60,30.0,0,0
371,2023-02-21,CUST371,Beauty,1,25,25,25.0,0,0
372,2023-02-07,CUST372,Beauty,3,500,1500,500.0,1,0
373,2023-10-03,CUST373,Beauty,2,300,600,300.0,0,0
374,2023-04-20,CUST374,Beauty,3,25,75,25.0,0,0
375,2023-09-17,CUST375,Clothing,1,50,50,50.0,0,0
376,2023-05-16,CUST376,Beauty,1,30,30,30.0,0,0
377,2023-03-09,CUST377,Clothing,4,50,200,50.0,0,0
378,2023-06-28,CUST378,Beauty,1,300,300,300.0,0,0
379,2023-02-05,CUST379,Clothing,1,25,25,25.0,0,0
380,2023-05-06,CUST380,Electronics,2,300,600,300.0,0,0
381,2023-07-09,CUST381,Clothing,4,25,100,25.0,0,0
382,2023-05-26,CUST382,Clothing,2,500,1000,500.0,0,0
383,2023-03-22,CUST383,Beauty,3,30,90,30.0,0,0
384,2023-08-13,CUST384,Clothing,1,500,500,500.0,0,0
385,2023-10-06,CUST385,Electronics,3,500,1500,500.0,1,0
386,2023-12-27,CUST386,Electronics,2,300,600,300.0,0,0
387,2023-06-04,CUST387,Beauty,1,30,30,30.0,0,0
388,2023-11-10,CUST388,Electronics,1,25,25,25.0,0,0
389,2023-12-01,CUST389,Clothing,2,25,50,25.0,0,0
390,2023-09-28,CUST390,Electronics,2,50,100,50.0,0,0
391,2023-01-05,CUST391,Beauty,2,25,50,25.0,0,0
392,2023-12-08,CUST392,Clothing,2,300,600,300.0,0,0
393,2023-10-11,CUST393,Beauty,2,500,1000,500.0,0,0
394,2023-06-03,CUST394,Clothing,1,500,500,500.0,0,0
395,2023-12-06,CUST395,Electronics,2,500,1000,500.0,0,0
396,2023-02-23,CUST396,Beauty,1,30,30,30.0,0,0
397,2023-03-10,CUST397,Beauty,1,25,25,25.0,0,0
398,2023-05-16,CUST398,Clothing,2,300,600,300.0,0,0
399,2023-03-01,CUST399,Beauty,2,30,60,30.0,0,0
400,2023-02-24,CUST400,Clothing,4,50,200,50.0,0,0
401,2023-10-11,CUST401,Clothing,1,300,300,300.0,0,0
402,2023-03-21,CUST402,Clothing,2,300,600,300.0,0,0
403,2023-05-20,CUST403,Clothing,2,300,600,300.0,0,0
404,2023-05-25,CUST404,Electronics,2,500,1000,500.0,0,0
405,2023-11-06,CUST405,Clothing,4,300,1200,300.0,1,0
406,2023-04-18,CUST406,Beauty,4,25,100,25.0,0,0
407,2023-06-25,CUST407,Electronics,3,300,900,300.0,0,0
408,2023-04-15,CUST408,Beauty,1,500,500,500.0,0,0
409,2023-12-18,CUST409,Electronics,3,300,900,300.0,0,0
410,2023-11-21,CUST410,Clothing,2,50,100,50.0,0,0
411,2023-05-16,CUST411,Electronics,4,50,200,50.0,0,0
412,2023-09-16,CUST412,Electronics,4,500,2000,500.0,1,0
413,2023-09-08,CUST413,Beauty,3,25,75,25.0,0,0
414,2023-05-09,CUST414,Beauty,4,25,100,25.0,0,0
415,2023-01-27,CUST415,Clothing,2,30,60,30.0,0,0
416,2023-02-17,CUST416,Electronics,4,500,2000,500.0,1,0
417,2023-11-21,CUST417,Electronics,3,300,900,300.0,0,0
418,2023-08-05,CUST418,Electronics,2,500,1000,500.0,0,0
419,2023-05-22,CUST419,Clothing,3,30,90,30.0,0,0
420,2023-01-23,CUST420,Clothing,4,500,2000,500.0,1,0
421,2023-01-02,CUST421,Clothing,3,500,1500,500.0,1,0
422,2023-06-20,CUST422,Clothing,3,30,90,30.0,0,0
423,2023-03-08,CUST423,Clothing,1,25,25,25.0,0,0
424,2023-11-23,CUST424,Beauty,4,300,1200,300.0,1,0
425,2023-05-15,CUST425,Electronics,4,30,120,30.0,0,0
426,2023-03-24,CUST426,Electronics,3,50,150,50.0,0,0
427,2023-08-15,CUST427,Electronics,1,25,25,25.0,0,0
428,2023-10-10,CUST428,Electronics,4,50,200,50.0,0,0
429,2023-12-28,CUST429,Electronics,2,25,50,25.0,0,0
430,2023-08-07,CUST430,Electronics,3,300,900,300.0,0,0
431,2023-10-15,CUST431,Electronics,4,300,1200,300.0,1,0
432,2023-01-05,CUST432,Electronics,2,500,1000,500.0,0,0
433,2023-02-27,CUST433,Beauty,4,50,200,50.0,0,0
434,2023-02-08,CUST434,Electronics,2,25,50,25.0,0,0
435,2023-12-20,CUST435,Beauty,3,300,900,300.0,0,0
436,2023-03-18,CUST436,Clothing,4,30,120,30.0,0,0
437,2023-10-07,CUST437,Electronics,4,300,1200,300.0,1,0
438,2023-01-19,CUST438,Clothing,1,30,30,30.0,0,0
439,2023-07-09,CUST439,Clothing,3,25,75,25.0,0,0
440,2023-10-26,CUST440,Clothing,2,300,600,300.0,0,0
441,2023-10-10,CUST441,Beauty,4,300,1200,300.0,1,0
442,2023-03-17,CUST442,Clothing,4,25,100,25.0,0,0
443,2023-08-09,CUST443,Clothing,2,300,600,300.0,0,0
444,2023-03-07,CUST444,Clothing,3,30,90,30.0,0,0
445,2023-01-22,CUST445,Electronics,1,300,300,300.0,0,0
446,2023-06-07,CUST446,Electronics,1,50,50,50.0,0,0
447,2023-07-06,CUST447,Beauty,4,500,2000,500.0,1,0
448,2023-01-21,CUST448,Beauty,2,30,60,30.0,0,0
449,2023-07-03,CUST449,Electronics,4,50,200,50.0,0,0
450,2023-04-18,CUST450,Beauty,2,25,50,25.0,0,0
451,2023-12-16,CUST451,Electronics,1,30,30,30.0,0,0
452,2023-05-08,CUST452,Clothing,3,500,1500,500.0,1,0
453,2023-12-08,CUST453,Clothing,2,500,1000,500.0,0,0
454,2023-02-22,CUST454,Beauty,1,25,25,25.0,0,0
455,2023-07-01,CUST455,Electronics,4,25,100,25.0,0,0
456,2023-10-14,CUST456,Electronics,2,30,60,30.0,0,0
457,2023-07-28,CUST457,Beauty,3,300,900,300.0,0,0
458,2023-11-14,CUST458,Electronics,4,25,100,25.0,0,0
459,2023-03-21,CUST459,Clothing,4,300,1200,300.0,1,0
460,2023-05-02,CUST460,Beauty,1,50,50,50.0,0,0
461,2023-03-25,CUST461,Beauty,2,500,1000,500.0,0,0
462,2023-04-01,CUST462,Electronics,4,300,1200,300.0,1,0
463,2023-07-31,CUST463,Beauty,3,500,1500,500.0,1,0
464,2023-01-13,CUST464,Electronics,2,300,600,300.0,0,0
465,2023-04-02,CUST465,Electronics,3,50,150,50.0,0,0
466,2023-06-20,CUST466,Electronics,4,25,100,25.0,0,0
467,2023-07-30,CUST467,Electronics,3,50,150,50.0,0,0
468,2023-12-09,CUST468,Electronics,1,25,25,25.0,0,0
469,2023-05-08,CUST469,Beauty,3,25,75,25.0,0,0
470,2023-05-17,CUST470,Clothing,2,500,1000,500.0,0,0
471,2023-03-23,CUST471,Clothing,3,50,150,50.0,0,0
472,2023-12-26,CUST472,Beauty,3,300,900,300.0,0,0
473,2023-02-25,CUST473,Beauty,1,50,50,50.0,0,0
474,2023-07-15,CUST474,Clothing,3,500,1500,500.0,1,0
475,2023-01-20,CUST475,Clothing,3,25,75,25.0,0,0
476,2023-08-29,CUST476,Clothing,4,500,2000,500.0,1,0
477,2023-04-24,CUST477,Clothing,4,30,120,30.0,0,0
478,2023-04-13,CUST478,Clothing,2,30,60,30.0,0,0
479,2023-08-24,CUST479,Electronics,4,300,1200,300.0,1,0
480,2023-06-29,CUST480,Beauty,4,500,2000,500.0,1,0
481,2023-06-06,CUST481,Electronics,4,300,1200,300.0,1,0
482,2023-04-27,CUST482,Clothing,4,300,1200,300.0,1,0
483,2023-04-25,CUST483,Clothing,1,30,30,30.0,0,0
484,2023-01-13,CUST484,Clothing,4,300,1200,300.0,1,0
485,2023-12-04,CUST485,Electronics,1,30,30,30.0,0,0
486,2023-04-09,CUST486,Electronics,1,25,25,25.0,0,0
487,2023-07-24,CUST487,Clothing,4,500,2000,500.0,1,0
488,2023-06-18,CUST488,Electronics,3,300,900,300.0,0,0
489,2023-05-23,CUST489,Electronics,1,30,30,30.0,0,0
490,2023-02-05,CUST490,Clothing,3,50,150,50.0,0,0
491,2023-05-23,CUST491,Electronics,3,300,900,300.0,0,0
492,2023-06-29,CUST492,Beauty,4,25,100,25.0,0,0
493,2023-11-25,CUST493,Beauty,2,25,50,25.0,0,0
494,2023-09-18,CUST494,Beauty,4,50,200,50.0,0,0
495,2023-07-24,CUST495,Beauty,2,30,60,30.0,0,0
496,2023-12-14,CUST496,Clothing,2,300,600,300.0,0,0
497,2023-10-02,CUST497,Clothing,4,30,120,30.0,0,0
498,2023-06-19,CUST498,Clothing,4,25,100,25.0,0,0
499,2023-01-15,CUST499,Beauty,2,30,60,30.0,0,0
500,2023-03-01,CUST500,Beauty,4,25,100,25.0,0,0
501,2023-05-14,CUST501,Electronics,2,30,60,30.0,0,0
502,2023-04-02,CUST502,Electronics,3,50,150,50.0,0,0
503,2023-10-25,CUST503,Beauty,4,500,2000,500.0,1,0
504,2023-05-16,CUST504,Beauty,3,50,150,50.0,0,0
505,2023-01-20,CUST505,Beauty,1,50,50,50.0,0,0
506,2023-02-25,CUST506,Beauty,3,500,1500,500.0,1,0
507,2023-11-02,CUST507,Electronics,3,500,1500,500.0,1,0
508,2023-08-11,CUST508,Beauty,2,300,600,300.0,0,0
509,2023-06-26,CUST509,Electronics,3,300,900,300.0,0,0
510,2023-06-10,CUST510,Beauty,4,50,200,50.0,0,0
511,2023-08-12,CUST511,Beauty,2,50,100,50.0,0,0
512,2023-11-07,CUST512,Beauty,1,25,25,25.0,0,0
513,2023-09-19,CUST513,Electronics,4,25,100,25.0,0,0
514,2023-03-01,CUST514,Electronics,1,300,300,300.0,0,0
515,2023-07-17,CUST515,Clothing,3,300,900,300.0,0,0
516,2023-10-23,CUST516,Beauty,4,25,100,25.0,0,0
517,2023-04-08,CUST517,Clothing,4,25,100,25.0,0,0
518,2023-05-11,CUST518,Clothing,1,30,30,30.0,0,0
519,2023-01-23,CUST519,Electronics,4,30,120,30.0,0,0
520,2023-12-29,CUST520,Electronics,4,25,100,25.0,0,0
521,2023-08-12,CUST521,Clothing,4,30,120,30.0,0,0
522,2023-01-01,CUST522,Beauty,3,500,1500,500.0,1,0
523,2023-09-24,CUST523,Electronics,1,300,300,300.0,0,0
524,2023-10-03,CUST524,Beauty,4,300,1200,300.0,1,0
525,2023-12-18,CUST525,Beauty,2,25,50,25.0,0,0
526,2023-12-10,CUST526,Clothing,2,50,100,50.0,0,0
527,2023-04-11,CUST527,Clothing,2,25,50,25.0,0,0
528,2023-07-06,CUST528,Clothing,2,30,60,30.0,0,0
529,2023-08-09,CUST529,Clothing,3,50,150,50.0,0,0
530,2023-02-05,CUST530,Electronics,4,30,120,30.0,0,0
531,2023-12-07,CUST531,Electronics,1,500,500,500.0,0,0
532,2023-06-19,CUST532,Clothing,4,30,120,30.0,0,0
533,2023-11-16,CUST533,Electronics,3,500,1500,500.0,1,0
534,2023-06-10,CUST534,Clothing,2,500,1000,500.0,0,0
535,2023-12-06,CUST535,Beauty,3,30,90,30.0,0,0
536,2023-03-05,CUST536,Beauty,4,30,120,30.0,0,0
537,2023-06-03,CUST537,Beauty,1,500,500,500.0,0,0
538,2023-09-17,CUST538,Clothing,3,50,150,50.0,0,0
539,2023-06-08,CUST539,Beauty,1,500,500,500.0,0,0
540,2023-12-08,CUST540,Electronics,3,300,900,300.0,0,0
541,2023-07-29,CUST541,Beauty,1,500,500,500.0,0,0
542,2023-06-17,CUST542,Beauty,1,50,50,50.0,0,0
543,2023-07-26,CUST543,Beauty,2,300,600,300.0,0,0
544,2023-12-23,CUST544,Electronics,1,25,25,25.0,0,0
545,2023-06-01,CUST545,Clothing,2,25,50,25.0,0,0
546,2023-10-11,CUST546,Electronics,4,50,200,50.0,0,0
547,2023-03-07,CUST547,Clothing,4,500,2000,500.0,1,0
548,2023-04-09,CUST548,Clothing,2,30,60,30.0,0,0
549,2023-08-04,CUST549,Beauty,2,50,100,50.0,0,0
550,2023-12-07,CUST550,Clothing,3,300,900,300.0,0,0
551,2023-07-14,CUST551,Electronics,3,300,900,300.0,0,0
552,2023-12-13,CUST552,Electronics,3,25,75,25.0,0,0
553,2023-03-31,CUST553,Clothing,4,300,1200,300.0,1,0
554,2023-11-12,CUST554,Beauty,3,50,150,50.0,0,0
555,2023-10-19,CUST555,Beauty,1,300,300,300.0,0,0
556,2023-06-04,CUST556,Electronics,1,50,50,50.0,0,0
557,2023-07-27,CUST557,Beauty,3,30,90,30.0,0,0
558,2023-10-08,CUST558,Clothing,1,25,25,25.0,0,0
559,2023-01-01,CUST559,Clothing,4,300,1200,300.0,1,0
560,2023-06-05,CUST560,Electronics,1,50,50,50.0,0,0
561,2023-05-27,CUST561,Clothing,4,500,2000,500.0,1,0
562,2023-04-18,CUST562,Electronics,2,25,50,25.0,0,0
563,2023-08-09,CUST563,Clothing,2,30,60,30.0,0,0
564,2023-10-24,CUST564,Electronics,2,50,100,50.0,0,0
565,2023-11-07,CUST565,Beauty,2,30,60,30.0,0,0
566,2023-12-02,CUST566,Clothing,1,30,30,30.0,0,0
567,2023-06-14,CUST567,Clothing,3,300,900,300.0,0,0
568,2023-08-27,CUST568,Electronics,1,300,300,300.0,0,0
569,2023-08-15,CUST569,Electronics,4,50,200,50.0,0,0
570,2023-08-15,CUST570,Clothing,1,500,500,500.0,0,0
571,2023-12-12,CUST571,Electronics,1,50,50,50.0,0,0
572,2023-04-20,CUST572,Clothing,4,500,2000,500.0,1,0
573,2023-09-19,CUST573,Beauty,2,30,60,30.0,0,0
574,2023-08-31,CUST574,Electronics,2,25,50,25.0,0,0
575,2023-03-28,CUST575,Clothing,2,50,100,50.0,0,0
576,2023-12-04,CUST576,Beauty,3,50,150,50.0,0,0
577,2023-02-13,CUST577,Beauty,4,500,2000,500.0,1,0
578,2023-05-26,CUST578,Clothing,4,30,120,30.0,0,0
579,2023-09-21,CUST579,Electronics,1,30,30,30.0,0,0
580,2023-12-06,CUST580,Clothing,3,500,1500,500.0,1,0
581,2023-11-21,CUST581,Beauty,2,30,60,30.0,0,0
582,2023-11-14,CUST582,Clothing,3,300,900,300.0,0,0
583,2023-06-21,CUST583,Electronics,4,25,100,25.0,0,0
584,2023-02-17,CUST584,Beauty,4,50,200,50.0,0,0
585,2023-05-01,CUST585,Clothing,1,25,25,25.0,0,0
586,2023-12-11,CUST586,Electronics,1,50,50,50.0,0,0
587,2023-06-08,CUST587,Beauty,4,300,1200,300.0,1,0
588,2023-04-26,CUST588,Electronics,2,30,60,30.0,0,0
589,2023-04-12,CUST589,Beauty,2,500,1000,500.0,0,0
590,2023-03-17,CUST590,Clothing,3,300,900,300.0,0,0
591,2023-01-13,CUST591,Electronics,4,25,100,25.0,0,0
592,2023-01-24,CUST592,Beauty,4,500,2000,500.0,1,0
593,2023-05-06,CUST593,Electronics,2,30,60,30.0,0,0
594,2023-09-01,CUST594,Electronics,2,300,600,300.0,0,0
595,2023-11-09,CUST595,Clothing,4,500,2000,500.0,1,0
596,2023-02-07,CUST596,Electronics,1,300,300,300.0,0,0
597,2023-08-22,CUST597,Beauty,4,300,1200,300.0,1,0
598,2023-08-01,CUST598,Beauty,4,30,120,30.0,0,0
599,2023-11-19,CUST599,Beauty,2,50,100,50.0,0,0
600,2023-10-22,CUST600,Beauty,2,500,1000,500.0,0,0
601,2023-04-10,CUST601,Clothing,1,30,30,30.0,0,0
602,2023-12-23,CUST602,Electronics,1,300,300,300.0,0,0
603,2023-07-16,CUST603,Clothing,3,30,90,30.0,0,0
604,2023-09-11,CUST604,Electronics,4,50,200,50.0,0,0
605,2023-07-24,CUST605,Electronics,2,500,1000,500.0,0,0
606,2023-05-05,CUST606,Electronics,1,50,50,50.0,0,0
607,2023-03-17,CUST607,Clothing,3,25,75,25.0,0,0
608,2023-12-02,CUST608,Electronics,3,500,1500,500.0,1,0
609,2023-12-19,CUST609,Clothing,2,50,100,50.0,0,0
610,2023-01-03,CUST610,Beauty,2,300,600,300.0,0,0
611,2023-02-24,CUST611,Beauty,3,500,1500,500.0,1,0
612,2023-08-06,CUST612,Electronics,1,500,500,500.0,0,0
613,2023-04-23,CUST613,Clothing,3,30,90,30.0,0,0
614,2023-04-01,CUST614,Beauty,4,300,1200,300.0,1,0
615,2023-12-23,CUST615,Clothing,4,25,100,25.0,0,0
616,2023-09-23,CUST616,Clothing,2,50,100,50.0,0,0
617,2023-08-26,CUST617,Electronics,1,30,30,30.0,0,0
618,2023-01-26,CUST618,Beauty,1,50,50,50.0,0,0
619,2023-10-13,CUST619,Electronics,4,25,100,25.0,0,0
620,2023-05-08,CUST620,Electronics,3,25,75,25.0,0,0
621,2023-03-04,CUST621,Beauty,2,500,1000,500.0,0,0
622,2023-08-22,CUST622,Beauty,3,25,75,25.0,0,0
623,2023-03-10,CUST623,Clothing,3,50,150,50.0,0,0
624,2023-08-26,CUST624,Beauty,3,300,900,300.0,0,0
625,2023-12-08,CUST625,Clothing,1,300,300,300.0,0,0
626,2023-09-29,CUST626,Clothing,4,500,2000,500.0,1,0
627,2023-10-14,CUST627,Clothing,1,50,50,50.0,0,0
628,2023-11-01,CUST628,Beauty,4,50,200,50.0,0,0
629,2023-06-12,CUST629,Electronics,2,25,50,25.0,0,0
630,2023-08-15,CUST630,Clothing,2,50,100,50.0,0,0
631,2023-11-10,CUST631,Electronics,3,30,90,30.0,0,0
632,2023-09-16,CUST632,Electronics,4,25,100,25.0,0,0
633,2023-08-07,CUST633,Beauty,4,30,120,30.0,0,0
634,2023-10-08,CUST634,Electronics,4,500,2000,500.0,1,0
635,2023-08-17,CUST635,Electronics,3,300,900,300.0,0,0
636,2023-03-23,CUST636,Beauty,3,500,1500,500.0,1,0
637,2023-09-01,CUST637,Clothing,2,300,600,300.0,0,0
638,2023-08-19,CUST638,Electronics,1,500,500,500.0,0,0
639,2023-05-13,CUST639,Beauty,4,50,200,50.0,0,0
640,2023-05-07,CUST640,Electronics,4,30,120,30.0,0,0
641,2023-11-23,CUST641,Electronics,1,300,300,300.0,0,0
642,2023-05-22,CUST642,Clothing,4,25,100,25.0,0,0
643,2023-09-24,CUST643,Electronics,3,30,90,30.0,0,0
644,2023-09-06,CUST644,Beauty,3,25,75,25.0,0,0
645,2023-11-17,CUST645,Electronics,4,30,120,30.0,0,0
646,2023-05-03,CUST646,Clothing,3,30,90,30.0,0,0
647,2023-05-21,CUST647,Clothing,3,500,1500,500.0,1,0
648,2023-08-14,CUST648,Beauty,4,300,1200,300.0,1,0
649,2023-02-09,CUST649,Clothing,2,300,600,300.0,0,0
650,2024-01-01,CUST650,Electronics,1,30,30,30.0,0,0
651,2023-05-27,CUST651,Clothing,3,50,150,50.0,0,0
652,2023-05-01,CUST652,Beauty,2,50,100,50.0,0,0
653,2023-05-20,CUST653,Clothing,3,25,75,25.0,0,0
654,2023-06-21,CUST654,Clothing,3,25,75,25.0,0,0
655,2023-06-13,CUST655,Clothing,1,500,500,500.0,0,0
656,2023-10-04,CUST656,Beauty,3,30,90,30.0,0,0
657,2023-02-11,CUST657,Clothing,1,25,25,25.0,0,0
658,2023-03-12,CUST658,Clothing,1,25,25,25.0,0,0
659,2023-03-19,CUST659,Electronics,1,30,30,30.0,0,0
660,2023-04-29,CUST660,Beauty,2,500,1000,500.0,0,0
661,2023-07-16,CUST661,Clothing,4,25,100,25.0,0,0
662,2023-12-22,CUST662,Beauty,2,500,1000,500.0,0,0
663,2023-03-20,CUST663,Clothing,4,300,1200,300.0,1,0
664,2023-12-28,CUST664,Clothing,4,500,2000,500.0,1,0
665,2023-04-20,CUST665,Clothing,1,50,50,50.0,0,0
666,2023-02-02,CUST666,Electronics,3,50,150,50.0,0,0
667,2023-08-01,CUST667,Electronics,1,500,500,500.0,0,0
668,2023-07-28,CUST668,Electronics,3,50,150,50.0,0,0
669,2023-06-19,CUST669,Beauty,4,300,1200,300.0,1,0
670,2023-10-05,CUST670,Beauty,1,30,30,30.0,0,0
671,2023-08-27,CUST671,Electronics,3,50,150,50.0,0,0
672,2023-08-01,CUST672,Beauty,2,50,100,50.0,0,0
673,2023-02-01,CUST673,Clothing,3,500,1500,500.0,1,0
674,2023-04-16,CUST674,Clothing,1,300,300,300.0,0,0
675,2023-08-04,CUST675,Clothing,2,30,60,30.0,0,0
676,2023-07-19,CUST676,Electronics,3,500,1500,500.0,1,0
677,2023-10-27,CUST677,Beauty,3,500,1500,500.0,1,0
678,2023-12-23,CUST678,Electronics,3,300,900,300.0,0,0
679,2023-01-11,CUST679,Beauty,3,30,90,30.0,0,0
680,2023-10-22,CUST680,Clothing,3,300,900,300.0,0,0
681,2023-07-14,CUST681,Electronics,2,30,60,30.0,0,0
682,2023-09-02,CUST682,Beauty,4,300,1200,300.0,1,0
683,2023-01-04,CUST683,Beauty,2,500,1000,500.0,0,0
684,2023-06-30,CUST684,Clothing,2,500,1000,500.0,0,0
685,2023-06-02,CUST685,Electronics,2,25,50,25.0,0,0
686,2023-07-19,CUST686,Electronics,4,50,200,50.0,0,0
687,2023-08-03,CUST687,Electronics,1,300,300,300.0,0,0
688,2023-10-03,CUST688,Clothing,4,25,100,25.0,0,0
689,2023-10-07,CUST689,Electronics,2,50,100,50.0,0,0
690,2023-11-05,CUST690,Clothing,3,300,900,300.0,0,0
691,2023-04-23,CUST691,Clothing,3,30,90,30.0,0,0
692,2023-09-07,CUST692,Clothing,2,50,100,50.0,0,0
693,2023-04-23,CUST693,Beauty,3,500,1500,500.0,1,0
694,2023-05-20,CUST694,Electronics,2,25,50,25.0,0,0
695,2023-08-12,CUST695,Electronics,3,50,150,50.0,0,0
696,2023-09-06,CUST696,Clothing,4,50,200,50.0,0,0
697,2023-01-15,CUST697,Clothing,1,500,500,500.0,0,0
698,2023-07-19,CUST698,Electronics,1,300,300,300.0,0,0
699,2023-06-22,CUST699,Clothing,4,30,120,30.0,0,0
700,2023-12-09,CUST700,Electronics,4,500,2000,500.0,1,0
701,2023-12-14,CUST701,Beauty,2,30,60,30.0,0,0
702,2023-07-27,CUST702,Clothing,2,300,600,300.0,0,0
703,2023-03-26,CUST703,Electronics,2,50,100,50.0,0,0
704,2023-08-28,CUST704,Clothing,3,30,90,30.0,0,0
705,2023-03-07,CUST705,Electronics,2,25,50,25.0,0,0
706,2023-11-15,CUST706,Electronics,4,25,100,25.0,0,0
707,2023-10-01,CUST707,Clothing,1,500,500,500.0,0,0
708,2023-01-14,CUST708,Beauty,3,300,900,300.0,0,0
709,2023-07-21,CUST709,Electronics,2,500,1000,500.0,0,0
710,2023-10-31,CUST710,Electronics,3,500,1500,500.0,1,0
711,2023-10-16,CUST711,Electronics,3,500,1500,500.0,1,0
712,2023-12-06,CUST712,Beauty,2,25,50,25.0,0,0
713,2023-01-14,CUST713,Beauty,3,25,75,25.0,0,0
714,2023-02-12,CUST714,Clothing,1,500,500,500.0,0,0
715,2023-11-26,CUST715,Beauty,4,25,100,25.0,0,0
716,2023-08-08,CUST716,Clothing,4,300,1200,300.0,1,0
717,2023-03-11,CUST717,Clothing,1,500,500,500.0,0,0
718,2023-08-25,CUST718,Beauty,3,25,75,25.0,0,0
719,2023-04-04,CUST719,Clothing,2,30,60,30.0,0,0
720,2023-01-26,CUST720,Beauty,3,500,1500,500.0,1,0
721,2023-05-14,CUST721,Clothing,1,500,500,500.0,0,0
722,2023-07-14,CUST722,Beauty,3,300,900,300.0,0,0
723,2023-06-17,CUST723,Beauty,4,50,200,50.0,0,0
724,2023-04-19,CUST724,Clothing,3,50,150,50.0,0,0
725,2023-08-21,CUST725,Electronics,1,300,300,300.0,0,0
726,2023-06-17,CUST726,Clothing,4,300,1200,300.0,1,0
727,2023-06-22,CUST727,Beauty,3,300,900,300.0,0,0
728,2023-07-14,CUST728,Electronics,3,50,150,50.0,0,0
729,2023-05-23,CUST729,Clothing,4,300,1200,300.0,1,0
730,2023-08-04,CUST730,Clothing,2,25,50,25.0,0,0
731,2023-05-10,CUST731,Clothing,4,500,2000,500.0,1,0
732,2023-02-11,CUST732,Electronics,2,500,1000,500.0,0,0
733,2023-08-29,CUST733,Beauty,1,30,30,30.0,0,0
734,2023-01-10,CUST734,Clothing,1,30,30,30.0,0,0
735,2023-10-04,CUST735,Clothing,4,500,2000,500.0,1,0
736,2023-01-27,CUST736,Clothing,4,25,100,25.0,0,0
737,2023-06-29,CUST737,Clothing,1,50,50,50.0,0,0
738,2023-04-25,CUST738,Clothing,2,50,100,50.0,0,0
739,2023-11-29,CUST739,Beauty,1,25,25,25.0,0,0
740,2023-02-05,CUST740,Beauty,4,50,200,50.0,0,0
741,2023-11-30,CUST741,Clothing,1,300,300,300.0,0,0
742,2023-01-21,CUST742,Electronics,4,500,2000,500.0,1,0
743,2023-01-16,CUST743,Beauty,4,500,2000,500.0,1,0
744,2023-05-07,CUST744,Electronics,1,25,25,25.0,0,0
745,2023-04-13,CUST745,Beauty,2,50,100,50.0,0,0
746,2023-01-11,CUST746,Clothing,3,30,90,30.0,0,0
747,2023-11-15,CUST747,Beauty,1,30,30,30.0,0,0
748,2023-03-20,CUST748,Clothing,3,50,150,50.0,0,0
749,2023-05-03,CUST749,Beauty,1,30,30,30.0,0,0
750,2023-03-06,CUST750,Clothing,3,25,75,25.0,0,0
751,2023-08-31,CUST751,Clothing,2,25,50,25.0,0,0
752,2023-12-09,CUST752,Clothing,2,50,100,50.0,0,0
753,2023-02-28,CUST753,Clothing,1,30,30,30.0,0,0
754,2023-10-16,CUST754,Electronics,4,25,100,25.0,0,0
755,2023-04-22,CUST755,Clothing,3,25,75,25.0,0,0
756,2023-08-27,CUST756,Electronics,4,300,1200,300.0,1,0
757,2023-12-25,CUST757,Electronics,4,300,1200,300.0,1,0
758,2023-05-12,CUST758,Clothing,4,25,100,25.0,0,0
759,2023-07-08,CUST759,Electronics,2,50,100,50.0,0,0
760,2023-03-27,CUST760,Beauty,1,500,500,500.0,0,0
761,2023-11-07,CUST761,Clothing,1,500,500,500.0,0,0
762,2023-11-07,CUST762,Electronics,2,25,50,25.0,0,0
763,2023-02-28,CUST763,Clothing,2,25,50,25.0,0,0
764,2023-03-25,CUST764,Clothing,1,25,25,25.0,0,0
765,2023-06-09,CUST765,Clothing,4,50,200,50.0,0,0
766,2023-02-25,CUST766,Electronics,3,300,900,300.0,0,0
767,2023-10-24,CUST767,Beauty,3,25,75,25.0,0,0
768,2023-01-14,CUST768,Beauty,3,25,75,25.0,0,0
769,2023-06-09,CUST769,Electronics,4,30,120,30.0,0,0
770,2023-10-22,CUST770,Clothing,1,50,50,50.0,0,0
771,2023-12-13,CUST771,Electronics,2,25,50,25.0,0,0
772,2023-07-12,CUST772,Electronics,1,30,30,30.0,0,0
773,2023-07-23,CUST773,Electronics,4,500,2000,500.0,1,0
774,2023-04-12,CUST774,Clothing,2,25,50,25.0,0,0
775,2023-02-08,CUST775,Electronics,4,25,100,25.0,0,0
776,2023-10-31,CUST776,Clothing,3,30,90,30.0,0,0
777,2023-12-20,CUST777,Electronics,3,50,150,50.0,0,0
778,2023-11-18,CUST778,Beauty,4,25,100,25.0,0,0
779,2023-05-05,CUST779,Electronics,2,500,1000,500.0,0,0
780,2023-02-22,CUST780,Electronics,2,25,50,25.0,0,0
781,2023-12-23,CUST781,Beauty,1,500,500,500.0,0,0
782,2023-06-04,CUST782,Clothing,3,300,900,300.0,0,0
783,2023-12-17,CUST783,Clothing,1,300,300,300.0,0,0
784,2023-11-04,CUST784,Electronics,1,500,500,500.0,0,0
785,2023-03-03,CUST785,Beauty,4,50,200,50.0,0,0
786,2023-10-17,CUST786,Clothing,4,25,100,25.0,0,0
787,2023-01-22,CUST787,Electronics,1,25,25,25.0,0,0
788,2023-06-27,CUST788,Beauty,3,300,900,300.0,0,0
789,2023-09-30,CUST789,Clothing,4,500,2000,500.0,1,0
790,2023-08-08,CUST790,Clothing,1,25,25,25.0,0,0
791,2023-12-05,CUST791,Beauty,1,25,25,25.0,0,0
792,2023-07-09,CUST792,Beauty,1,50,50,50.0,0,0
793,2023-02-05,CUST793,Beauty,1,30,30,30.0,0,0
794,2023-09-17,CUST794,Beauty,1,300,300,300.0,0,0
795,2023-11-28,CUST795,Electronics,1,300,300,300.0,0,0
796,2023-06-24,CUST796,Beauty,4,30,120,30.0,0,0
797,2023-01-07,CUST797,Clothing,3,25,75,25.0,0,0
798,2023-08-04,CUST798,Clothing,1,50,50,50.0,0,0
799,2023-09-08,CUST799,Electronics,2,50,100,50.0,0,0
800,2023-02-24,CUST800,Clothing,4,300,1200,300.0,1,0
801,2023-08-10,CUST801,Clothing,4,50,200,50.0,0,0
802,2023-07-05,CUST802,Beauty,1,30,30,30.0,0,0
803,2023-11-22,CUST803,Clothing,4,25,100,25.0,0,0
804,2023-08-24,CUST804,Electronics,1,30,30,30.0,0,0
805,2023-12-29,CUST805,Beauty,3,500,1500,500.0,1,0
806,2023-03-20,CUST806,Beauty,3,300,900,300.0,0,0
807,2023-08-11,CUST807,Electronics,4,50,200,50.0,0,0
808,2023-04-01,CUST808,Beauty,4,500,2000,500.0,1,0
809,2023-09-25,CUST809,Beauty,2,50,100,50.0,0,0
810,2023-11-30,CUST810,Electronics,4,25,100,25.0,0,0
811,2023-05-19,CUST811,Beauty,2,25,50,25.0,0,0
812,2023-11-12,CUST812,Electronics,3,25,75,25.0,0,0
813,2023-10-03,CUST813,Electronics,3,50,150,50.0,0,0
814,2023-09-05,CUST814,Clothing,1,500,500,500.0,0,0
815,2023-08-27,CUST815,Clothing,3,25,75,25.0,0,0
816,2023-08-12,CUST816,Beauty,2,500,1000,500.0,0,0
817,2023-10-31,CUST817,Beauty,4,50,200,50.0,0,0
818,2023-05-18,CUST818,Electronics,1,500,500,500.0,0,0
819,2023-06-15,CUST819,Beauty,2,50,100,50.0,0,0
820,2023-05-06,CUST820,Electronics,4,50,200,50.0,0,0
821,2023-02-14,CUST821,Electronics,1,300,300,300.0,0,0
822,2023-05-23,CUST822,Beauty,3,50,150,50.0,0,0
823,2023-08-19,CUST823,Electronics,2,50,100,50.0,0,0
824,2023-05-05,CUST824,Clothing,4,30,120,30.0,0,0
825,2023-08-26,CUST825,Beauty,1,25,25,25.0,0,0
826,2023-10-19,CUST826,Clothing,1,300,300,300.0,0,0
827,2023-11-09,CUST827,Beauty,3,300,900,300.0,0,0
828,2023-12-09,CUST828,Electronics,4,300,1200,300.0,1,0
829,2023-07-14,CUST829,Beauty,3,30,90,30.0,0,0
830,2023-06-22,CUST830,Clothing,3,50,150,50.0,0,0
831,2023-01-15,CUST831,Electronics,4,25,100,25.0,0,0
832,2023-09-11,CUST832,Beauty,4,500,2000,500.0,1,0
833,2023-06-16,CUST833,Beauty,4,50,200,50.0,0,0
834,2023-04-04,CUST834,Beauty,2,30,60,30.0,0,0
835,2023-09-07,CUST835,Clothing,4,50,200,50.0,0,0
836,2023-04-19,CUST836,Clothing,1,50,50,50.0,0,0
837,2023-07-01,CUST837,Beauty,3,30,90,30.0,0,0
838,2023-05-13,CUST838,Electronics,2,300,600,300.0,0,0
839,2023-06-24,CUST839,Electronics,4,300,1200,300.0,1,0
840,2023-05-24,CUST840,Clothing,2,25,50,25.0,0,0
841,2023-11-02,CUST841,Electronics,4,25,100,25.0,0,0
842,2023-12-26,CUST842,Clothing,2,300,600,300.0,0,0
843,2023-05-22,CUST843,Beauty,3,500,1500,500.0,1,0
844,2023-10-12,CUST844,Clothing,3,50,150,50.0,0,0
845,2023-01-06,CUST845,Clothing,1,500,500,500.0,0,0
846,2023-09-22,CUST846,Beauty,1,50,50,50.0,0,0
847,2023-04-08,CUST847,Electronics,4,300,1200,300.0,1,0
848,2023-02-13,CUST848,Clothing,3,25,75,25.0,0,0
849,2023-05-04,CUST849,Clothing,2,25,50,25.0,0,0
850,2023-07-28,CUST850,Beauty,2,500,1000,500.0,0,0
851,2023-09-08,CUST851,Electronics,2,25,50,25.0,0,0
852,2023-10-12,CUST852,Clothing,1,300,300,300.0,0,0
853,2023-05-04,CUST853,Beauty,2,500,1000,500.0,0,0
854,2023-12-20,CUST854,Clothing,1,50,50,50.0,0,0
855,2023-09-01,CUST855,Beauty,1,25,25,25.0,0,0
856,2023-11-27,CUST856,Electronics,4,30,120,30.0,0,0
857,2023-12-31,CUST857,Electronics,2,25,50,25.0,0,0
858,2023-09-09,CUST858,Electronics,2,50,100,50.0,0,0
859,2023-08-18,CUST859,Electronics,3,500,1500,500.0,1,0
860,2023-01-09,CUST860,Clothing,4,50,200,50.0,0,0
861,2023-02-17,CUST861,Clothing,3,30,90,30.0,0,0
862,2023-05-31,CUST862,Electronics,4,300,1200,300.0,1,0
863,2023-04-24,CUST863,Electronics,2,25,50,25.0,0,0
864,2023-07-27,CUST864,Electronics,1,500,500,500.0,0,0
865,2023-12-21,CUST865,Clothing,1,300,300,300.0,0,0
866,2023-05-05,CUST866,Electronics,1,50,50,50.0,0,0
867,2023-06-06,CUST867,Electronics,1,500,500,500.0,0,0
868,2023-12-06,CUST868,Electronics,1,300,300,300.0,0,0
869,2023-10-25,CUST869,Beauty,3,500,1500,500.0,1,0
870,2023-07-08,CUST870,Electronics,4,30,120,30.0,0,0
871,2023-08-31,CUST871,Beauty,2,30,60,30.0,0,0
872,2023-10-11,CUST872,Beauty,3,25,75,25.0,0,0
873,2023-09-29,CUST873,Electronics,4,25,100,25.0,0,0
874,2023-06-26,CUST874,Beauty,1,30,30,30.0,0,0
875,2023-08-06,CUST875,Electronics,4,500,2000,500.0,1,0
876,2023-10-09,CUST876,Clothing,4,30,120,30.0,0,0
877,2023-06-19,CUST877,Clothing,1,25,25,25.0,0,0
878,2023-06-30,CUST878,Clothing,1,30,30,30.0,0,0
879,2023-12-26,CUST879,Clothing,1,30,30,30.0,0,0
880,2023-08-21,CUST880,Beauty,2,500,1000,500.0,0,0
881,2023-05-19,CUST881,Electronics,1,300,300,300.0,0,0
882,2023-06-06,CUST882,Electronics,2,25,50,25.0,0,0
883,2023-05-09,CUST883,Electronics,1,500,500,500.0,0,0
884,2023-04-29,CUST884,Clothing,2,30,60,30.0,0,0
885,2023-03-03,CUST885,Clothing,4,30,120,30.0,0,0
886,2023-04-09,CUST886,Electronics,3,300,900,300.0,0,0
887,2023-06-11,CUST887,Clothing,4,25,100,25.0,0,0
888,2023-03-03,CUST888,Electronics,4,25,100,25.0,0,0
889,2023-10-02,CUST889,Electronics,1,50,50,50.0,0,0
890,2023-12-20,CUST890,Electronics,2,25,50,25.0,0,0
891,2023-04-05,CUST891,Electronics,3,300,900,300.0,0,0
892,2023-04-09,CUST892,Electronics,1,50,50,50.0,0,0
893,2023-04-21,CUST893,Electronics,1,50,50,50.0,0,0
894,2023-09-05,CUST894,Electronics,1,30,30,30.0,0,0
895,2023-05-22,CUST895,Clothing,4,30,120,30.0,0,0
896,2023-10-29,CUST896,Electronics,2,25,50,25.0,0,0
897,2023-09-26,CUST897,Electronics,2,50,100,50.0,0,0
898,2023-11-02,CUST898,Clothing,3,30,90,30.0,0,0
899,2023-05-25,CUST899,Clothing,2,300,600,300.0,0,0
900,2023-02-21,CUST900,Clothing,2,30,60,30.0,0,0
901,2023-04-10,CUST901,Electronics,1,30,30,30.0,0,0
902,2023-06-01,CUST902,Beauty,1,50,50,50.0,0,0
903,2023-04-27,CUST903,Beauty,4,50,200,50.0,0,0
904,2023-07-04,CUST904,Clothing,1,500,500,500.0,0,0
905,2023-04-02,CUST905,Beauty,1,300,300,300.0,0,0
906,2023-06-04,CUST906,Clothing,1,50,50,50.0,0,0
907,2023-01-08,CUST907,Electronics,1,25,25,25.0,0,0
908,2023-12-29,CUST908,Beauty,4,300,1200,300.0,1,0
909,2023-10-01,CUST909,Electronics,1,300,300,300.0,0,0
910,2023-03-06,CUST910,Beauty,3,50,150,50.0,0,0
911,2023-05-21,CUST911,Electronics,3,300,900,300.0,0,0
912,2023-01-24,CUST912,Beauty,3,50,150,50.0,0,0
913,2023-01-28,CUST913,Electronics,3,30,90,30.0,0,0
914,2023-10-11,CUST914,Electronics,1,500,500,500.0,0,0
915,2023-05-30,CUST915,Beauty,3,30,90,30.0,0,0
916,2023-12-24,CUST916,Electronics,1,50,50,50.0,0,0
917,2023-03-06,CUST917,Electronics,4,50,200,50.0,0,0
918,2023-11-23,CUST918,Electronics,3,30,90,30.0,0,0
919,2023-09-09,CUST919,Beauty,2,25,50,25.0,0,0
920,2023-02-22,CUST920,Beauty,3,25,75,25.0,0,0
921,2023-01-07,CUST921,Electronics,3,25,75,25.0,0,0
922,2023-10-21,CUST922,Electronics,1,50,50,50.0,0,0
923,2023-05-26,CUST923,Beauty,3,300,900,300.0,0,0
924,2023-08-29,CUST924,Beauty,2,50,100,50.0,0,0
925,2023-09-03,CUST925,Electronics,1,300,300,300.0,0,0
926,2023-08-14,CUST926,Electronics,1,30,30,30.0,0,0
927,2023-06-24,CUST927,Electronics,4,500,2000,500.0,1,0
928,2023-04-05,CUST928,Clothing,4,300,1200,300.0,1,0
929,2023-01-27,CUST929,Beauty,3,25,75,25.0,0,0
930,2023-05-10,CUST930,Clothing,4,50,200,50.0,0,0
931,2023-09-02,CUST931,Beauty,4,30,120,30.0,0,0
932,2023-02-28,CUST932,Beauty,4,25,100,25.0,0,0
933,2023-02-03,CUST933,Beauty,1,30,30,30.0,0,0
934,2023-07-25,CUST934,Beauty,1,500,500,500.0,0,0
935,2023-09-09,CUST935,Beauty,1,50,50,50.0,0,0
936,2023-02-07,CUST936,Beauty,4,50,200,50.0,0,0
937,2023-10-23,CUST937,Beauty,1,500,500,500.0,0,0
938,2023-11-19,CUST938,Clothing,4,50,200,50.0,0,0
939,2023-12-18,CUST939,Electronics,1,300,300,300.0,0,0
940,2023-01-28,CUST940,Electronics,1,30,30,30.0,0,0
941,2023-03-19,CUST941,Clothing,2,25,50,25.0,0,0
942,2023-03-18,CUST942,Clothing,3,500,1500,500.0,1,0
943,2023-10-16,CUST943,Clothing,4,300,1200,300.0,1,0
944,2023-06-05,CUST944,Clothing,2,25,50,25.0,0,0
945,2023-02-13,CUST945,Beauty,1,25,25,25.0,0,0
946,2023-05-08,CUST946,Electronics,4,500,2000,500.0,1,0
947,2023-03-02,CUST947,Beauty,1,300,300,300.0,0,0
948,2023-10-13,CUST948,Electronics,3,25,75,25.0,0,0
949,2023-08-02,CUST949,Electronics,2,25,50,25.0,0,0
950,2023-11-07,CUST950,Clothing,3,300,900,300.0,0,0
951,2023-11-02,CUST951,Beauty,2,50,100,50.0,0,0
952,2023-11-13,CUST952,Clothing,1,25,25,25.0,0,0
953,2023-04-26,CUST953,Beauty,3,30,90,30.0,0,0
954,2023-09-25,CUST954,Electronics,3,300,900,300.0,0,0
955,2023-07-14,CUST955,Clothing,1,25,25,25.0,0,0
956,2023-08-19,CUST956,Clothing,3,500,1500,500.0,1,0
957,2023-08-15,CUST957,Electronics,4,30,120,30.0,0,0
958,2023-06-02,CUST958,Electronics,2,25,50,25.0,0,0
959,2023-10-29,CUST959,Electronics,2,30,60,30.0,0,0
960,2023-08-08,CUST960,Clothing,2,30,60,30.0,0,0
961,2023-06-06,CUST961,Beauty,4,50,200,50.0,0,0
962,2023-10-19,CUST962,Clothing,2,30,60,30.0,0,0
963,2023-11-14,CUST963,Beauty,1,50,50,50.0,0,0
964,2023-01-31,CUST964,Clothing,3,300,900,300.0,0,0
965,2023-11-09,CUST965,Clothing,4,50,200,50.0,0,0
966,2023-02-20,CUST966,Electronics,2,500,1000,500.0,0,0
967,2023-04-17,CUST967,Beauty,1,25,25,25.0,0,0
968,2023-11-17,CUST968,Clothing,3,300,900,300.0,0,0
969,2023-04-19,CUST969,Clothing,3,300,900,300.0,0,0
970,2023-05-16,CUST970,Electronics,4,500,2000,500.0,1,0
971,2023-12-05,CUST971,Electronics,4,50,200,50.0,0,0
972,2023-02-11,CUST972,Beauty,4,25,100,25.0,0,0
973,2023-03-22,CUST973,Clothing,1,50,50,50.0,0,0
974,2023-05-03,CUST974,Beauty,1,30,30,30.0,0,0
975,2023-03-30,CUST975,Clothing,4,50,200,50.0,0,0
976,2023-10-10,CUST976,Beauty,2,300,600,300.0,0,0
977,2023-02-08,CUST977,Electronics,3,25,75,25.0,0,0
978,2023-03-22,CUST978,Clothing,3,50,150,50.0,0,0
979,2023-01-02,CUST979,Beauty,1,25,25,25.0,0,0
980,2023-07-29,CUST980,Electronics,3,25,75,25.0,0,0
981,2023-08-19,CUST981,Electronics,2,30,60,30.0,0,0
982,2023-12-19,CUST982,Beauty,3,30,90,30.0,0,0
983,2023-11-01,CUST983,Clothing,1,300,300,300.0,0,0
984,2023-08-29,CUST984,Clothing,1,500,500,500.0,0,0
985,2023-05-30,CUST985,Electronics,2,25,50,25.0,0,0
986,2023-01-17,CUST986,Clothing,2,500,1000,500.0,0,0
987,2023-04-29,CUST987,Clothing,3,300,900,300.0,0,0
988,2023-05-28,CUST988,Clothing,3,25,75,25.0,0,0
989,2023-12-28,CUST989,Electronics,1,25,25,25.0,0,0
990,2023-05-25,CUST990,Beauty,2,500,1000,500.0,0,0
991,2023-12-26,CUST991,Clothing,2,50,100,50.0,0,0
992,2023-08-21,CUST992,Electronics,2,30,60,30.0,0,0
993,2023-02-06,CUST993,Electronics,3,50,150,50.0,0,0
994,2023-12-18,CUST994,Beauty,2,500,1000,500.0,0,0
995,2023-04-30,CUST995,Clothing,1,30,30,30.0,0,0
996,2023-05-16,CUST996,Clothing,1,50,50,50.0,0,0
997,2023-11-17,CUST997,Beauty,3,30,90,30.0,0,0
998,2023-10-29,CUST998,Beauty,4,25,100,25.0,0,0
999,2023-12-05,CUST999,Electronics,3,50,150,50.0,0,0
1000,2023-04-12,CUST1000,Electronics,4,30,120,30.0,0,0
